{
  "Ansi 7 Color (Light)" : {
    "Red Component" : 0.86666667461395264,
    "Color Space" : "P3",
    "Blue Component" : 0.90588235855102539,
    "Alpha Component" : 1,
    "Green Component" : 0.88627451658248901
  },
  "Ansi 15 Color (Light)" : {
    "Red Component" : 0.86666667461395264,
    "Color Space" : "P3",
    "Blue Component" : 0.90588235855102539,
    "Alpha Component" : 1,
    "Green Component" : 0.88627451658248901
  },
  "Ansi 2 Color (Light)" : {
    "Red Component" : 0.37647059559822083,
    "Color Space" : "P3",
    "Blue Component" : 0.19607843458652496,
    "Alpha Component" : 1,
    "Green Component" : 0.55686277151107788
  },
  "Bold Color" : {
    "Red Component" : 0.062745101749897003,
    "Color Space" : "sRGB",
    "Blue Component" : 0.062745101749897003,
    "Alpha Component" : 1,
    "Green Component" : 0.062745101749897003
  },
  "Ansi 1 Color (Dark)" : {
    "Red Component" : 0.92549020051956177,
    "Color Space" : "P3",
    "Blue Component" : 0.47450980544090271,
    "Alpha Component" : 1,
    "Green Component" : 0.44705882668495178
  },
  "Use Bright Bold" : true,
  "Ansi 9 Color (Light)" : {
    "Red Component" : 0.81568628549575806,
    "Color Space" : "P3",
    "Blue Component" : 0.34509804844856262,
    "Alpha Component" : 1,
    "Green Component" : 0.34509804844856262
  },
  "Ansi 8 Color (Dark)" : {
    "Red Component" : 0.12549020349979401,
    "Color Space" : "P3",
    "Blue Component" : 0.13725490868091583,
    "Alpha Component" : 1,
    "Green Component" : 0.12549020349979401
  },
  "Background Color" : {
    "Red Component" : 0.97999999999999998,
    "Color Space" : "sRGB",
    "Blue Component" : 0.97999999999999998,
    "Alpha Component" : 1,
    "Green Component" : 0.97999999999999998
  },
  "Columns" : 80,
  "Ansi 8 Color" : {
    "Red Component" : 0.40781760215759277,
    "Color Space" : "sRGB",
    "Blue Component" : 0.4078223705291748,
    "Alpha Component" : 1,
    "Green Component" : 0.40782788395881653
  },
  "Right Option Key Sends" : 0,
  "Ansi 4 Color (Light)" : {
    "Red Component" : 0.31372550129890442,
    "Color Space" : "P3",
    "Blue Component" : 0.7450980544090271,
    "Alpha Component" : 1,
    "Green Component" : 0.47450980544090271
  },
  "Blinking Cursor" : false,
  "Selected Text Color (Light)" : {
    "Red Component" : 0.29411765933036804,
    "Color Space" : "P3",
    "Blue Component" : 0.35686275362968445,
    "Alpha Component" : 1,
    "Green Component" : 0.31372550129890442
  },
  "Selected Text Color (Dark)" : {
    "Red Component" : 0.59215688705444336,
    "Color Space" : "P3",
    "Blue Component" : 0.70980393886566162,
    "Alpha Component" : 1,
    "Green Component" : 0.64313727617263794
  },
  "Cursor Type" : 1,
  "Keyboard Map" : {

  },
  "Place Prompt at First Column" : false,
  "Open Toolbelt" : false,
  "Ansi 3 Color (Dark)" : {
    "Red Component" : 0.87058824300765991,
    "Color Space" : "P3",
    "Blue Component" : 0.45490196347236633,
    "Alpha Component" : 1,
    "Green Component" : 0.72549021244049072
  },
  "Visual Bell" : false,
  "Cursor Text Color" : {
    "Red Component" : 1,
    "Color Space" : "sRGB",
    "Blue Component" : 1,
    "Alpha Component" : 1,
    "Green Component" : 1
  },
  "Scrollback Lines" : 1000,
  "Selection Color (Light)" : {
    "Red Component" : 0.90980392694473267,
    "Color Space" : "P3",
    "Blue Component" : 0.94117647409439087,
    "Alpha Component" : 1,
    "Green Component" : 0.92156863212585449
  },
  "Ansi 0 Color" : {
    "Red Component" : 0.078431375324726105,
    "Color Space" : "sRGB",
    "Blue Component" : 0.11764705926179886,
    "Alpha Component" : 1,
    "Green Component" : 0.098039217293262482
  },
  "Match Background Color (Dark)" : {
    "Red Component" : 0.62745100259780884,
    "Color Space" : "P3",
    "Blue Component" : 0.50196081399917603,
    "Alpha Component" : 1,
    "Green Component" : 0.78823530673980713
  },
  "Ansi 11 Color (Light)" : {
    "Red Component" : 0.7450980544090271,
    "Color Space" : "P3",
    "Blue Component" : 0.019607843831181526,
    "Alpha Component" : 1,
    "Green Component" : 0.49411764740943909
  },
  "Ansi 5 Color (Dark)" : {
    "Red Component" : 0.82745099067687988,
    "Color Space" : "P3",
    "Blue Component" : 0.91764706373214722,
    "Alpha Component" : 1,
    "Green Component" : 0.54117649793624878
  },
  "Cursor Text Color (Light)" : {
    "Red Component" : 0.98039215803146362,
    "Color Space" : "P3",
    "Blue Component" : 0.98039215803146362,
    "Alpha Component" : 1,
    "Green Component" : 0.98039215803146362
  },
  "Silence Bell" : false,
  "Rows" : 25,
  "Guid" : "9F5D5825-52EC-45AA-B79D-1DBDBA5B9277",
  "Ansi 14 Color (Dark)" : {
    "Red Component" : 0.364705890417099,
    "Color Space" : "P3",
    "Blue Component" : 0.75686275959014893,
    "Alpha Component" : 1,
    "Green Component" : 0.73333334922790527
  },
  "Ansi 15 Color (Dark)" : {
    "Red Component" : 0.59215688705444336,
    "Color Space" : "P3",
    "Blue Component" : 0.70980393886566162,
    "Alpha Component" : 1,
    "Green Component" : 0.64313727617263794
  },
  "Ansi 0 Color (Dark)" : {
    "Red Component" : 0.12549020349979401,
    "Color Space" : "P3",
    "Blue Component" : 0.13725490868091583,
    "Alpha Component" : 1,
    "Green Component" : 0.12549020349979401
  },
  "Ambiguous Double Width" : false,
  "Option Key Sends" : 0,
  "Ansi 3 Color" : {
    "Red Component" : 0.78058648109436035,
    "Color Space" : "sRGB",
    "Blue Component" : 0,
    "Alpha Component" : 1,
    "Green Component" : 0.76959484815597534
  },
  "Window Type" : 0,
  "BM Growl" : true,
  "Prompt Before Closing 2" : false,
  "Command" : "",
  "Smart Cursor Color (Light)" : false,
  "Use Selected Text Color (Light)" : false,
  "Selected Text Color" : {
    "Red Component" : 0,
    "Color Space" : "sRGB",
    "Blue Component" : 0,
    "Alpha Component" : 1,
    "Green Component" : 0
  },
  "Ansi 14 Color (Light)" : {
    "Red Component" : 0.22745098173618317,
    "Color Space" : "P3",
    "Blue Component" : 0.51764708757400513,
    "Alpha Component" : 1,
    "Green Component" : 0.54509806632995605
  },
  "Cursor Guide Color (Dark)" : {
    "Red Component" : 0.7486235499382019,
    "Color Space" : "P3",
    "Blue Component" : 0.99078255891799927,
    "Alpha Component" : 0.25,
    "Green Component" : 0.92049425840377808
  },
  "ASCII Ligatures" : true,
  "Send Code When Idle" : false,
  "Ansi 6 Color" : {
    "Red Component" : 0,
    "Color Space" : "sRGB",
    "Blue Component" : 0.78166204690933228,
    "Alpha Component" : 1,
    "Green Component" : 0.77425903081893921
  },
  "Jobs to Ignore" : [
    "rlogin",
    "ssh",
    "slogin",
    "telnet"
  ],
  "Badge Color (Dark)" : {
    "Red Component" : 0.82745099067687988,
    "Color Space" : "P3",
    "Blue Component" : 0.91764706373214722,
    "Alpha Component" : 1,
    "Green Component" : 0.54117649793624878
  },
  "Use Underline Color (Light)" : false,
  "Cursor Color" : {
    "Red Component" : 0,
    "Color Space" : "sRGB",
    "Blue Component" : 0,
    "Alpha Component" : 1,
    "Green Component" : 0
  },
  "Vertical Spacing" : 1,
  "Disable Window Resizing" : true,
  "Close Sessions On End" : true,
  "Selection Color (Dark)" : {
    "Red Component" : 0.22745098173618317,
    "Color Space" : "P3",
    "Blue Component" : 0.30588236451148987,
    "Alpha Component" : 1,
    "Green Component" : 0.24313725531101227
  },
  "Default Bookmark" : "No",
  "Foreground Color (Light)" : {
    "Red Component" : 0.29411765933036804,
    "Color Space" : "P3",
    "Blue Component" : 0.35686275362968445,
    "Alpha Component" : 1,
    "Green Component" : 0.31372550129890442
  },
  "Custom Command" : "No",
  "Background Color (Dark)" : {
    "Red Component" : 0.16862745583057404,
    "Color Space" : "P3",
    "Blue Component" : 0.21568627655506134,
    "Alpha Component" : 1,
    "Green Component" : 0.17647059261798859
  },